{"Version":2,"SourceFileDate":132482878101050804,"Flags":["FL_BITMAP_COMPRESSION","FL_BITMAP_MIPMAP","FL_BITMAP_QUALITY_HIGH","FL_BITMAP_PRECOMPUTED_INV_AVG"],"InvAvgColor":[1.7352868318557739,2.0616657733917236,2.0616657733917236],"HasTransp":true}