{"Version":2,"SourceFileDate":132490000359877128,"Flags":["FL_BITMAP_COMPRESSION","FL_BITMAP_MIPMAP","FL_BITMAP_QUALITY_HIGH","FL_BITMAP_PRECOMPUTED_INV_AVG"],"InvAvgColor":[1.2111023664474487,3.7239887714385986,14.826663970947266]}