{"Version":2,"SourceFileDate":132490001375885235,"Flags":["FL_BITMAP_COMPRESSION","FL_BITMAP_MIPMAP","FL_BITMAP_QUALITY_HIGH","FL_BITMAP_PRECOMPUTED_INV_AVG"],"InvAvgColor":[1.1711122989654541,2.3829431533813477,12.390316963195801]}