{"Version":2,"SourceFileDate":132493157104511626,"Flags":["FL_BITMAP_COMPRESSION","FL_BITMAP_MIPMAP","FL_BITMAP_QUALITY_HIGH","FL_BITMAP_PRECOMPUTED_INV_AVG"],"InvAvgColor":[1.2517613172531128,1.2641080617904663,1.3555678129196167],"HasTransp":true}