{"Version":2,"SourceFileDate":132589187999996825,"Flags":["FL_BITMAP_COMPRESSION","FL_BITMAP_MIPMAP","FL_BITMAP_QUALITY_HIGH","FL_BITMAP_PRECOMPUTED_INV_AVG"],"InvAvgColor":[1.205344557762146,1.205344557762146,1.205344557762146],"HasTransp":true}