{"Version":2,"SourceFileDate":132589188000006815,"Flags":["FL_BITMAP_COMPRESSION","FL_BITMAP_MIPMAP","FL_BITMAP_QUALITY_HIGH","FL_BITMAP_PRECOMPUTED_INV_AVG"],"InvAvgColor":[1.4614139795303345,3.8619856834411621,3.8619856834411621],"HasTransp":true}