{"Version":2,"SourceFileDate":132497527434294981,"Flags":["FL_BITMAP_COMPRESSION","FL_BITMAP_MIPMAP","FL_BITMAP_QUALITY_HIGH","FL_BITMAP_PRECOMPUTED_INV_AVG"],"InvAvgColor":[1.4692193269729614,4.1795845031738281,4.1795845031738281],"HasTransp":true}