{"Version":2,"SourceFileDate":132596079129451269,"Flags":["FL_BITMAP_COMPRESSION","FL_BITMAP_MIPMAP","FL_BITMAP_QUALITY_HIGH","FL_BITMAP_PRECOMPUTED_INV_AVG"],"InvAvgColor":[1.6202026605606079,2.0862879753112793,19.504785537719727],"HasTransp":true}