{"Version":2,"SourceFileDate":132596079129451269,"Flags":["FL_BITMAP_COMPRESSION","FL_BITMAP_MIPMAP","FL_BITMAP_QUALITY_HIGH","FL_BITMAP_PRECOMPUTED_INV_AVG"],"InvAvgColor":[1.9984434843063354,2.527155876159668,9.3202724456787109],"HasTransp":true}