{"Version":2,"SourceFileDate":132596079129451269,"Flags":["FL_BITMAP_COMPRESSION","FL_BITMAP_MIPMAP","FL_BITMAP_QUALITY_HIGH","FL_BITMAP_PRECOMPUTED_INV_AVG"],"InvAvgColor":[1.3782442808151245,1.8377188444137573,2.2073707580566406],"HasTransp":true}