{"Version":2,"SourceFileDate":132490004911899919,"Flags":["FL_BITMAP_COMPRESSION","FL_BITMAP_MIPMAP","FL_BITMAP_QUALITY_HIGH","FL_BITMAP_PRECOMPUTED_INV_AVG"],"InvAvgColor":[1.2514032125473022,1.2637461423873901,1.3551775217056274],"HasTransp":true}