{"Version":2,"SourceFileDate":132482673163823220,"Flags":["FL_BITMAP_COMPRESSION","FL_BITMAP_MIPMAP","FL_BITMAP_QUALITY_HIGH","FL_BITMAP_PRECOMPUTED_INV_AVG"],"InvAvgColor":[1.2890316247940063,1.3044229745864868,1.3044229745864868],"HasTransp":true}