{"Version":2,"SourceFileDate":132589188000057351,"Flags":["FL_BITMAP_COMPRESSION","FL_BITMAP_MIPMAP","FL_BITMAP_QUALITY_HIGH","FL_BITMAP_PRECOMPUTED_INV_AVG"],"InvAvgColor":[1.3823232650756836,1.3896501064300537,1.3896501064300537],"HasTransp":true}