{"Version":2,"SourceFileDate":132482672757539004,"Flags":["FL_BITMAP_COMPRESSION","FL_BITMAP_MIPMAP","FL_BITMAP_QUALITY_HIGH","FL_BITMAP_PRECOMPUTED_INV_AVG"],"InvAvgColor":[1.2976866960525513,1.3139246702194214,1.3139246702194214],"HasTransp":true}