{"Version":2,"SourceFileDate":132589188000067320,"Flags":["FL_BITMAP_COMPRESSION","FL_BITMAP_MIPMAP","FL_BITMAP_QUALITY_HIGH","FL_BITMAP_PRECOMPUTED_INV_AVG"],"InvAvgColor":[1.3842452764511108,1.3917175531387329,1.3917175531387329]}